epoch,train_loss,val_macro_f1
1,1.48005,0.405405
2,0.750055,0.241379
3,0.730472,0.405405
4,0.645763,0.490526
5,0.643022,0.405405
6,0.629048,0.541667
7,0.608096,0.443678
8,0.611652,0.482353
9,0.574539,0.529915
10,0.565681,0.529915
