epoch,train_loss,val_macro_f1
1,0.727679,0.241379
2,0.696152,0.47619
3,0.694407,0.405405
4,0.67813,0.47619
5,0.669737,0.47619
6,0.646192,0.47619
7,0.632552,0.47619
