epoch,train_loss,val_macro_f1
1,0.749899,0.405405
2,0.70267,0.405405
3,0.705639,0.472767
4,0.683699,0.241379
5,0.666896,0.241379
6,0.622545,0.241379
7,0.690754,0.241379
8,0.638812,0.241379
